rank,primary_brand,total_products,healthy_products,healthy_frac,avg_protein,avg_sugar
1,Sonoma Creamery,10,10,100.0,39.0,1.7
2,Beer Nuts,8,8,100.0,20.0,3.5
3,Baked In Brooklyn,6,6,100.0,12.8,2.9
4,Fisher Snack,6,6,100.0,18.5,3.6
5,Hillshire Snacking,6,6,100.0,19.7,0.6
6,Jennie-O,6,6,100.0,23.8,0.0
7,Nabisco-Triscuit,6,6,100.0,10.5,0.0
8,Old London,6,6,100.0,13.4,1.2
9,Giant Snacks  Inc.,5,5,100.0,27.3,3.3
10,David,14,13,92.9,21.4,3.9
11,Unique Snacks,8,7,87.5,9.6,2.6
12,New York Style,7,6,85.7,10.9,5.4
13,Ratio,7,6,85.7,18.0,4.7
14,Gardetto'S,13,11,84.6,10.5,4.0
15,Harvest Snaps,13,11,84.6,16.1,6.4
16,Pic-A-Nut,6,5,83.3,15.5,2.4
17,Sunshine,6,5,83.3,10.0,0.5
18,Triscuit,28,23,82.1,9.9,2.0
19,Baken-Ets,11,9,81.8,50.9,1.3
20,Diamond Of California,10,8,80.0,12.4,6.5
21,Hormel,10,8,80.0,16.0,2.5
22,Bobâ€™S Red Mill,5,4,80.0,11.1,11.6
23,Feridies,5,4,80.0,24.3,6.4
24,International Nut Corporation,5,4,80.0,21.4,5.7
25,Koeze Company,5,4,80.0,25.1,4.1
26,Mariani Nut Company,5,4,80.0,18.8,4.2
27,Pop Secret,5,4,80.0,8.0,0.0
28,Riceland,5,4,80.0,8.0,0.0
29,Unique Pretzel Bakery  Inc.,5,4,80.0,9.6,3.5
30,Virginia Diner,5,4,80.0,23.6,6.8
31,Wild Bill'S,5,4,80.0,37.7,3.2
32,Wonderful Pistachios & Almonds Llc,5,4,80.0,21.0,4.2
33,Old Wisconsin,37,29,78.4,19.7,4.1
34,Nairn'S,9,7,77.8,10.0,5.6
35,Sesmark,9,7,77.8,9.9,0.4
36,Slim Jim,13,10,76.9,32.4,5.3
37,Mariani Nut Co.Inc.,8,6,75.0,17.7,4.3
38,Spitz,8,6,75.0,16.8,10.9
39,Starkist,8,6,75.0,17.2,4.7
40,Stacy'S,26,19,73.1,13.1,4.1
41,B&G Foods  Inc.,11,8,72.7,12.4,4.6
42,Off The Eaten Path,11,8,72.7,12.7,4.2
43,Hampton Farms,18,13,72.2,25.6,5.3
44,Northampton Peanut Co.,13,9,69.2,21.1,6.0
45,Hines Nut Company,24,16,66.7,12.8,19.8
46,Ancient Harvest,9,6,66.7,11.6,3.7
47,Ann'S House Of Nuts Inc.,9,6,66.7,15.0,18.7
48,De Notenshop,9,6,66.7,17.1,6.5
49,Life Smart,9,6,66.7,22.4,3.9
50,Gk Snacks,6,4,66.7,16.1,8.9
51,Superior Nut Co.Inc.,6,4,66.7,19.1,7.2
52,Arrowhead Mills,23,15,65.2,15.3,11.2
53,Cheez-It,45,29,64.4,8.9,1.6
54,Act Ii,14,9,64.3,7.2,0.2
55,Pure Protein,14,9,64.3,38.0,6.6
56,Kazidomi,19,12,63.2,14.4,9.6
57,Simply Nature,8,5,62.5,11.2,9.0
58,Stater Bros.,8,5,62.5,13.2,15.4
59,Diamond,39,24,61.5,12.4,9.2
60,The Virginia Diner  Inc.,18,11,61.1,19.8,17.1
61,Bob'S Red Mill,90,54,60.0,14.7,8.8
62,Eden,10,6,60.0,13.9,9.3
63,Bellino,5,3,60.0,8.8,11.4
64,Clic,5,3,60.0,17.3,2.9
65,Dakota Style Chips,5,3,60.0,20.0,4.8
66,Della,5,3,60.0,8.0,0.0
67,Krispy Kernels,5,3,60.0,20.1,9.3
68,Leader Price,5,3,60.0,20.4,3.6
69,Ramsey Popcorn Company  Inc.,5,3,60.0,7.6,0.0
70,Sabra,5,3,60.0,6.9,2.6
71,Saludviva,5,3,60.0,15.0,7.2
72,Simply M&S,5,3,60.0,7.0,16.9
73,Whole Earth,5,3,60.0,19.8,13.5
74,Yehuda Matzos,5,3,60.0,10.8,11.8
75,Open Nature,39,23,59.0,10.7,5.3
76,Fritolay,41,24,58.5,7.2,3.7
77,B&G Foods North America  Inc.,21,12,57.1,10.1,5.6
78,Cedar Phoenicia,7,4,57.1,12.0,1.4
79,Medford Farms,7,4,57.1,10.6,1.0
80,Tom'S,27,15,55.6,16.6,2.2
81,Cheez It,11,6,54.5,8.6,1.7
82,Industrias Alimenticias Noel,11,6,54.5,7.3,7.8
83,Zb Importing Inc.,11,6,54.5,9.3,14.4
84,Osem,13,7,53.8,10.0,12.8
85,Blue Diamond,56,30,53.6,17.8,7.0
86,Once Again,19,10,52.6,21.8,6.6
87,Fisher,103,52,50.5,16.5,12.9
88,Goldfish,28,14,50.0,8.9,6.7
89,Orville Redenbacher'S,22,11,50.0,6.7,1.7
90,Diamond Foods  Inc.,14,7,50.0,14.5,4.6
91,Zatarain'S,12,6,50.0,8.0,7.8
92,Kings Super Markets Inc,8,4,50.0,13.5,16.0
93,Presidentâ€™S Choice,8,4,50.0,11.2,14.7
94,Cock Brand,6,3,50.0,11.6,28.2
95,Fresh Express,6,3,50.0,5.5,4.2
96,Gold Shield Foods  Llc,6,3,50.0,12.4,3.9
97,Ka-Me,6,3,50.0,5.9,13.9
98,Pc Blue Menu,6,3,50.0,13.4,8.2
99,Riceselect,6,3,50.0,8.6,0.9
100,Kettle Brand,36,17,47.2,7.0,2.3
101,Que Pasa,17,8,47.1,7.0,2.0
102,Oberto,32,15,46.9,36.4,12.3
103,Woodstock,59,27,45.8,13.8,17.2
104,Central Market,22,10,45.5,12.4,10.3
105,Snyder'S Of Hanover,198,89,44.9,8.1,6.2
106,Streit'S,27,12,44.4,8.4,17.6
107,Jolly Time,18,8,44.4,7.6,6.4
108,Rw Garcia,18,8,44.4,7.2,4.1
109,Pop-Secret,9,4,44.4,5.5,0.5
110,Smart & Final Iris Corporation,9,4,44.4,11.5,23.0
111,Weaver Popcorn Company  Inc.,9,4,44.4,7.4,0.2
112,Alessi,16,7,43.8,7.3,9.4
113,George J. Howe Company,14,6,42.9,13.4,23.1
114,Uncle Ben'S,14,6,42.9,6.6,0.0
115,Excelsior,7,3,42.9,9.7,3.6
116,Minute Rice,7,3,42.9,6.1,0.6
117,Popcorners,7,3,42.9,7.4,4.7
118,Presidents Choice,7,3,42.9,8.0,19.9
119,Sabritas,7,3,42.9,11.4,2.2
120,Waymouth Farms  Inc.,7,3,42.9,12.5,22.8
121,Hodgson Mill,19,8,42.1,10.4,12.3
122,Clearly Organic,12,5,41.7,7.2,16.4
123,Le Choix Du PrÃ©sident,12,5,41.7,7.4,17.9
124,Blue Diamond Almonds,68,28,41.2,10.3,4.9
125,Pepperidge Farm,176,72,40.9,7.1,17.3
126,Manischewitz,57,23,40.4,7.4,16.9
127,Frito Lay,30,12,40.0,10.3,3.5
128,Marczyk Fine Foods,25,10,40.0,11.4,26.0
129,Signature Farms,25,10,40.0,14.2,15.4
130,A L Schutzman Company Inc,20,8,40.0,13.2,26.1
131,Full Circle,20,8,40.0,10.2,25.4
132,Jack Links,10,4,40.0,32.0,12.1
133,Allied International Corp. Of Va,5,2,40.0,12.8,21.4
134,American Importing Co.  Inc.,5,2,40.0,11.0,28.1
135,Bowl And Basket,5,2,40.0,11.0,11.4
136,Fleet Farm,5,2,40.0,10.6,24.9
137,Foodhak,5,2,40.0,26.2,13.2
138,Hapi,5,2,40.0,14.0,8.0
139,Kirkland Signature,5,2,40.0,10.8,8.1
140,Love Your Health  Llc,5,2,40.0,27.3,26.0
141,Nutcracker Brands  Inc.,5,2,40.0,13.3,15.7
142,Old Home,5,2,40.0,18.0,16.5
143,Optavia,5,2,40.0,33.6,13.6
144,Rudolph Foods Company  Inc.,5,2,40.0,36.4,11.4
145,Sharwood'S,5,2,40.0,8.7,30.0
146,Shop Rite,5,2,40.0,7.7,19.5
147,Synder'S Of Hanover,5,2,40.0,8.9,16.5
148,Tom Sturgis,5,2,40.0,9.3,3.6
149,Wasa,5,2,40.0,10.7,4.9
150,Wild Garden,5,2,40.0,7.1,4.1
151,Golden Boy,23,9,39.1,10.6,28.6
152,Pics,13,5,38.5,8.6,23.5
153,Green Way,16,6,37.5,10.8,16.4
154,Calbee North America  Llc,8,3,37.5,8.9,2.5
155,Jfc International Inc.,8,3,37.5,10.8,27.0
156,Melissa'S,8,3,37.5,12.2,21.7
157,Oscar Mayer,8,3,37.5,24.2,6.2
158,Stater Bros,19,7,36.8,12.7,16.5
159,Nuts To You Nut Butter Inc.,11,4,36.4,21.3,5.1
160,Tree Of Life  Inc.,11,4,36.4,14.1,27.3
161,Planters,152,55,36.2,19.8,10.6
162,Culinary Circle,14,5,35.7,10.5,17.0
163,Field Day,14,5,35.7,6.7,22.5
164,Mission,14,5,35.7,10.8,0.3
165,Calbee,31,11,35.5,9.6,4.8
166,Shoprite,111,39,35.1,9.4,12.5
167,Frito-Lay Company,20,7,35.0,8.5,8.4
168,Martin'S,20,7,35.0,7.7,3.7
169,Organics,20,7,35.0,8.8,13.1
170,Southern Grove,20,7,35.0,14.0,18.1
171,Golden Flake,46,16,34.8,14.2,7.4
172,Harris Teeter,174,60,34.5,10.5,12.1
173,Emerald,35,12,34.3,14.1,15.6
174,Lundberg,44,15,34.1,7.3,3.9
175,H-E-B,188,63,33.5,10.5,13.6
176,Heb,24,8,33.3,11.0,10.5
177,Mountain Man Nut & Fruit Co.,24,8,33.3,10.0,31.1
178,Roland,21,7,33.3,10.2,11.1
179,Bergin Nut Company  Inc.,12,4,33.3,9.9,34.5
180,Energy Club,9,3,33.3,15.4,23.6
181,Mikesell'S,9,3,33.3,8.3,4.3
182,Rice Select,9,3,33.3,7.4,0.2
183,El Sabroso,6,2,33.3,18.2,2.9
184,Frito-Lay,6,2,33.3,11.3,2.4
185,Hy-Vee Select,6,2,33.3,8.4,8.5
186,Jewel Osco,6,2,33.3,9.1,33.9
187,Krema Products  Inc.,6,2,33.3,12.8,24.0
188,La Cena,6,2,33.3,9.3,1.7
189,Memberâ€™S Mark,6,2,33.3,15.6,10.3
190,Navy Exchange Service Command,6,2,33.3,11.2,15.3
191,Neal Brothers,6,2,33.3,7.0,1.0
192,Orville Redenbacher,6,2,33.3,6.9,0.4
193,Paramount Farms,6,2,33.3,16.4,6.9
194,Target,6,2,33.3,10.2,18.2
195,Tosh,6,2,33.3,7.7,9.9
196,Lundberg Family Farms,46,15,32.6,7.8,2.3
197,Johnvince Foods,151,49,32.5,11.9,25.9
198,Amport Foods,38,12,31.6,14.2,26.0
199,Hyvee,54,17,31.5,8.2,18.6
200,Nut Harvest,13,4,30.8,15.6,19.4
201,Torn & Glasser,69,21,30.4,11.4,29.8
202,Nutty Club,43,13,30.2,8.5,41.7
203,Sainsburyâ€™S,30,9,30.0,7.4,18.9
204,Front Range Snacks  Inc.,10,3,30.0,7.5,12.1
205,J. Higgs,10,3,30.0,10.8,3.3
206,Munchies,10,3,30.0,13.0,6.6
207,Pirate'S Booty,10,3,30.0,8.2,3.2
208,Wegmans Organic,37,11,29.7,11.7,18.9
209,Bachman,17,5,29.4,7.7,5.3
210,Harvest Fresh,17,5,29.4,13.2,27.6
211,Whole Foods Market,96,28,29.2,10.1,21.9
212,Signature Select,94,27,28.7,10.5,17.0
213,Kettle,91,26,28.6,6.9,4.4
214,Miss Vickie'S,35,10,28.6,6.6,4.4
215,Kar'S,28,8,28.6,16.3,21.3
216,Circle K,21,6,28.6,12.0,24.4
217,Ziyad,21,6,28.6,10.1,27.2
218,Santa Cruz Organic,14,4,28.6,9.7,8.9
219,Blue Menu,7,2,28.6,9.3,12.2
220,Grace,7,2,28.6,4.7,0.7
221,Miss Vickies,7,2,28.6,6.4,2.6
222,The Snack Artist,7,2,28.6,13.5,17.2
223,Tillamook,7,2,28.6,25.1,16.3
224,O Organics,78,22,28.2,7.8,13.6
225,Always Save,25,7,28.0,7.8,9.1
226,Winn Dixie,25,7,28.0,8.6,9.2
227,Bush'S Best,18,5,27.8,8.9,3.6
228,Setton Farms,18,5,27.8,16.3,13.7
229,Simply,18,5,27.8,7.8,9.5
230,Wehah Farm Inc,18,5,27.8,7.3,1.0
231,Jack Link'S,58,16,27.6,34.4,13.6
232,Heinen'S,11,3,27.3,9.6,8.2
233,Bowl & Basket,15,4,26.7,11.4,10.9
234,Market Basket,34,9,26.5,13.2,16.7
235,Smartfood,38,10,26.3,8.7,7.1
236,Snyder'S-Lance  Inc.,19,5,26.3,6.2,16.5
237,By Sainsbury'S,141,37,26.2,8.4,16.5
238,Humpty Dumpty,23,6,26.1,5.9,4.0
239,Cape Cod,81,21,25.9,7.1,2.4
240,Hy-Vee,229,59,25.8,9.2,20.4
241,Member'S Mark,39,10,25.6,11.3,18.1
242,Simple Truth,127,32,25.2,12.2,13.3
243,President'S Choice,123,31,25.2,8.5,24.6
244,American Importing Co. Inc.,60,15,25.0,11.7,25.9
245,Big Win,32,8,25.0,7.2,30.3
246,Sainsburys,32,8,25.0,9.9,20.0
247,Ellis Pecan Co.  Inc.,24,6,25.0,10.6,30.0
248,Garden Of Eatin',20,5,25.0,7.1,0.7
249,Well Market,16,4,25.0,12.1,12.7
250,Eillien'S Candies Inc.,12,3,25.0,8.7,38.1
251,Minute,12,3,25.0,4.7,0.2
252,Associated Wholesale Grocers  Inc.,8,2,25.0,10.2,18.5
253,Badia,8,2,25.0,9.9,21.2
254,Delish,8,2,25.0,8.6,26.1
255,Eillien'S Candies,8,2,25.0,11.5,37.3
256,Freshness Guaranteed,8,2,25.0,7.6,19.3
257,Marra Bros.,8,2,25.0,6.8,30.3
258,Mauna Loa,8,2,25.0,7.2,13.5
259,Mother'S,8,2,25.0,5.8,30.2
260,Parade,8,2,25.0,5.9,10.9
261,Reko,8,2,25.0,8.6,21.3
262,Snyder'S,8,2,25.0,7.9,4.7
263,Stock & Barrel,8,2,25.0,9.4,31.3
264,Troyer Dist. Co.,8,2,25.0,9.7,31.4
265,Wylwood,8,2,25.0,9.6,3.3
266,Sunridge Farms,53,13,24.5,11.3,24.8
267,Maranatha,29,7,24.1,19.9,6.7
268,Kings,75,18,24.0,8.9,25.0
269,Herr'S,138,33,23.9,6.9,6.5
270,Compliments,147,35,23.8,9.7,21.2
271,Stater Bros. Markets Inc.,17,4,23.5,13.5,23.4
272,Lindt Excellence,13,3,23.1,8.6,24.3
273,Nature'S Harvest,87,20,23.0,11.6,24.9
274,Annie'S,79,18,22.8,6.0,22.6
275,Good Sense,22,5,22.7,12.3,23.1
276,Wonderful,84,19,22.6,21.3,7.3
277,Tostitos,85,19,22.4,6.9,1.0
278,Snak Club,58,13,22.4,13.4,28.2
279,IrrÃ©sistibles,45,10,22.2,8.1,21.6
280,Iberia,27,6,22.2,6.5,4.3
281,Fareway,18,4,22.2,9.0,14.1
282,Greenwise,18,4,22.2,9.8,22.2
283,Carr'S,9,2,22.2,6.9,3.5
284,Earth Balance,9,2,22.2,12.0,6.4
285,Nature'S World Llc,9,2,22.2,8.5,32.9
286,Pc Organics,9,2,22.2,6.7,30.8
287,Philadelphia,9,2,22.2,6.5,11.9
288,Regal Health Food International  Inc.,9,2,22.2,8.5,33.1
289,Teddie,9,2,22.2,22.8,5.4
290,Sainsbury'S,149,33,22.1,7.0,18.5
291,No Name,82,18,22.0,7.8,20.6
292,Goya,50,11,22.0,7.3,7.7
293,First Street,32,7,21.9,7.2,20.6
294,Kroger,294,64,21.8,9.0,17.4
295,M&S Food,33,7,21.2,8.8,27.7
296,Herr Foods Inc.,19,4,21.1,6.9,4.4
297,Sargento,19,4,21.1,16.8,16.9
298,Rold Gold,40,8,20.0,6.9,9.1
299,Weis Quality,40,8,20.0,8.8,24.0
300,Food Should Taste Good,30,6,20.0,7.5,6.5
301,Cedar,25,5,20.0,7.9,7.7
302,Price Chopper,25,5,20.0,6.7,33.8
303,H-E-B Organics,20,4,20.0,7.7,21.0
304,Fritos,15,3,20.0,5.7,1.7
305,Lays,10,2,20.0,6.7,4.1
306,Pozuelo,10,2,20.0,6.7,17.9
307,Amy'S,5,1,20.0,8.0,20.1
308,Bugles,5,1,20.0,5.7,10.9
309,Coca-Cola,5,1,20.0,7.4,6.9
310,Dainty Foods,5,1,20.0,6.4,0.0
311,Gnc,5,1,20.0,28.5,10.6
312,Herbalife,5,1,20.0,23.7,20.2
313,King Nut Company,5,1,20.0,18.7,8.7
314,Pacific,5,1,20.0,14.5,10.0
315,Planters Deluxe,5,1,20.0,15.5,5.9
316,Price Rite,5,1,20.0,5.5,20.9
317,Sainsbury,5,1,20.0,9.0,19.4
318,Savoritz,5,1,20.0,6.8,2.6
319,Setton International Foods Inc,5,1,20.0,9.2,30.5
320,Smart Sense,5,1,20.0,5.4,30.2
321,Star,5,1,20.0,3.3,43.0
322,Stonemill Kitchens,5,1,20.0,4.2,5.1
323,Taylor Fresh Foods  Inc.,5,1,20.0,5.9,8.2
324,The Peanut Patch  Inc.,5,1,20.0,19.0,14.0
325,Vigo Importing Company,5,1,20.0,4.8,2.3
326,Wholesome,5,1,20.0,11.6,41.6
327,Wholesome Pantry,5,1,20.0,6.1,17.1
328,Wise,66,13,19.7,5.4,4.6
329,Ht Traders,67,13,19.4,8.0,21.2
330,Selection,67,13,19.4,7.5,18.4
331,The Kroger Co.,31,6,19.4,8.2,15.6
332,Doritos,213,41,19.2,6.8,2.4
333,Christie,63,12,19.0,6.3,18.4
334,Publix,63,12,19.0,7.9,21.3
335,Annie'S Homegrown,37,7,18.9,4.9,28.7
336,Garden,32,6,18.8,6.6,16.1
337,Full Circle Market,16,3,18.8,10.1,13.8
338,Rocky Mountain Foods  Inc.,16,3,18.8,10.8,25.8
339,Snyder Of Berlin,16,3,18.8,6.9,3.2
340,Torn & Glasser Inc,16,3,18.8,7.2,38.2
341,La Preferida,27,5,18.5,7.1,1.9
342,Baker'S,11,2,18.2,8.2,42.9
343,Bazzini Llc,11,2,18.2,10.8,18.7
344,Chester'S,11,2,18.2,6.2,2.6
345,Great Lakes,11,2,18.2,4.5,37.6
346,Irresistibles,11,2,18.2,6.3,19.3
347,Kelloggs,11,2,18.2,8.1,23.4
348,PlantersÂ® Nut-RitionÂ®,11,2,18.2,16.1,15.1
349,Second Nature Snacks Company,11,2,18.2,13.5,29.6
350,Shurfine,11,2,18.2,6.6,20.9
351,Trader Joe'S,494,87,17.6,8.4,23.7
352,Good & Gather,91,16,17.6,10.2,23.4
353,North Star Trading Company,17,3,17.6,11.5,28.9
354,Spartan,115,20,17.4,8.4,24.5
355,Key Food,46,8,17.4,7.7,15.2
356,Lunds & Byerlys,88,15,17.0,8.7,36.5
357,Marks And Spencer,47,8,17.0,6.5,17.9
358,Hannaford,59,10,16.9,6.9,15.4
359,Our Family,101,17,16.8,7.4,26.3
360,Stauffer'S,30,5,16.7,6.5,23.2
361,Ginger Evans,18,3,16.7,5.0,41.1
362,Choix Du PrÃ©sident,12,2,16.7,7.4,18.1
363,Simply Roundy'S,12,2,16.7,8.9,13.2
364,Abound,6,1,16.7,16.1,18.4
365,Breton,6,1,16.7,6.7,5.7
366,Elevate,6,1,16.7,5.5,7.9
367,Herdez,6,1,16.7,2.9,2.0
368,Maple Grove Farms Of Vermont,6,1,16.7,13.1,18.8
369,Miss Vickieâ€™S,6,1,16.7,5.9,3.4
370,Old Trapper,6,1,16.7,36.3,14.3
371,Snakclub,6,1,16.7,9.5,40.4
372,Tesco,6,1,16.7,9.6,27.0
373,Western Family,73,12,16.4,7.7,25.6
374,Best Choice,55,9,16.4,7.9,21.5
375,Marks & Spencer,433,69,15.9,6.7,26.1
376,Better Made,38,6,15.8,8.0,5.8
377,Food Lion,96,15,15.6,6.9,21.4
378,Nice,77,12,15.6,8.0,36.3
379,Giant Eagle,161,25,15.5,6.4,15.6
380,Roundy'S,97,15,15.5,7.3,23.9
381,Entertainment Production House Inc.,13,2,15.4,10.0,15.3
382,Krinos,13,2,15.4,2.6,29.7
383,Metro,13,2,15.4,9.4,14.9
384,Second Nature,13,2,15.4,12.8,26.1
385,Slimfast,13,2,15.4,10.2,11.8
386,Utz Quality Foods  Inc.,13,2,15.4,7.0,4.4
387,Simply Balanced,60,9,15.0,6.0,25.0
388,Trader Joeâ€™S,40,6,15.0,7.9,22.8
389,Raley'S,47,7,14.9,7.4,22.5
390,Winco Foods,84,12,14.3,7.0,17.7
391,Laura Lynn,56,8,14.3,7.1,29.3
392,Sam'S Choice,28,4,14.3,7.4,30.2
393,Deep,14,2,14.3,7.5,16.5
394,Taylor Farms,14,2,14.3,6.6,7.1
395,Bofrost,7,1,14.3,5.2,10.8
396,Golden Flake Snack Foods  Inc.,7,1,14.3,9.8,2.4
397,Good And Gather,7,1,14.3,7.4,14.6
398,Imagine,7,1,14.3,14.8,23.9
399,Kellogs,7,1,14.3,7.9,26.0
400,King Arthur Baking Company,7,1,14.3,9.1,33.2
401,Minnie Marie Bakers  Inc.,7,1,14.3,5.6,26.2
402,Ricola,7,1,14.3,2.1,0.7
403,Springfield,7,1,14.3,6.2,6.6
404,Terry'S,7,1,14.3,8.0,47.9
405,Trappey'S,7,1,14.3,6.0,0.4
406,Trophy,7,1,14.3,13.2,34.2
407,Vigo,7,1,14.3,5.1,1.0
408,Walkers Shortbread Ltd.,7,1,14.3,6.6,21.6
409,Old Dutch,92,13,14.1,7.0,3.8
410,Wal-Mart Stores  Inc.,64,9,14.1,6.8,22.3
411,Great Value,464,65,14.0,8.2,20.8
412,Lay'S,351,49,14.0,6.5,4.2
413,Mariani,43,6,14.0,6.0,39.7
414,Sans Nom,29,4,13.8,6.2,27.9
415,Archer Farms,132,18,13.6,8.6,25.5
416,Target Stores,230,31,13.5,7.2,31.2
417,Wegmans,457,61,13.3,7.7,28.8
418,Old El Paso,15,2,13.3,5.4,1.1
419,Reese,15,2,13.3,6.7,22.1
420,Trader Joes,15,2,13.3,9.0,30.5
421,Mondelez,61,8,13.1,4.3,39.5
422,Snack Factory,61,8,13.1,8.0,14.1
423,Lance,192,25,13.0,10.0,15.9
424,Daily Chef,47,6,12.8,6.5,28.9
425,Dare,119,15,12.6,6.4,24.7
426,M&S,144,18,12.5,5.9,24.7
427,Paskesz,24,3,12.5,6.4,41.3
428,Ready Pac,16,2,12.5,5.5,6.3
429,Ahold,8,1,12.5,3.8,12.1
430,Crown,8,1,12.5,17.9,8.4
431,Current'S Tackle,8,1,12.5,9.0,25.7
432,Eillien'S,8,1,12.5,7.0,38.1
433,Kemps,8,1,12.5,6.6,16.8
434,Lieber'S,8,1,12.5,7.3,30.1
435,Nutco  Inc.,8,1,12.5,16.3,16.2
436,Quaker Oats,8,1,12.5,6.4,18.6
437,Rogers' Chocolates,8,1,12.5,6.6,40.4
438,Safeway Select,8,1,12.5,8.3,32.0
439,Starbucks,8,1,12.5,6.9,42.9
440,SÃ©lection,8,1,12.5,5.9,10.7
441,Tops Markets  Llc,8,1,12.5,8.1,38.7
442,Yehuda,8,1,12.5,4.7,8.5
443,Quaker,125,15,12.0,6.7,19.6
444,7-Eleven,34,4,11.8,5.5,41.6
445,Good & Delish,17,2,11.8,7.9,22.8
446,Hill Country Fare,17,2,11.8,5.9,25.9
447,Market District,17,2,11.8,8.3,24.2
448,Gold Emblem,220,25,11.4,7.2,39.8
449,Jays,35,4,11.4,6.1,3.8
450,Food Club,98,11,11.2,6.9,22.2
451,Adams,9,1,11.1,25.8,6.0
452,El Mexicano,9,1,11.1,5.7,18.5
453,Flora,9,1,11.1,5.3,16.2
454,Harmons,9,1,11.1,5.8,39.9
455,Heinz,9,1,11.1,10.3,6.8
456,Martha White,9,1,11.1,5.3,35.2
457,New Hope Mills,9,1,11.1,6.5,38.2
458,Piggly Wiggly,9,1,11.1,6.0,23.8
459,Specially Selected,9,1,11.1,7.7,32.3
460,Tops,237,26,11.0,6.3,35.1
461,Ruffles,118,13,11.0,6.6,4.2
462,Market Pantry,165,18,10.9,6.2,25.5
463,Simple Truth Organic,57,6,10.5,8.7,17.8
464,Clancy'S,19,2,10.5,8.2,7.7
465,Weis,78,8,10.3,6.6,30.8
466,Utz,80,8,10.0,7.5,5.5
467,Harris-Teeter Inc.,30,3,10.0,6.2,24.0
468,Fresh Lock,10,1,10.0,6.7,42.0
469,Good Thins,10,1,10.0,5.7,0.9
470,Southern Home,10,1,10.0,4.8,30.1
471,Essential Everyday,92,9,9.8,6.4,24.4
472,Ben'S Original,21,2,9.5,4.6,0.9
473,Glico,21,2,9.5,8.3,29.8
474,Popchips,43,4,9.3,5.7,5.5
475,Private Selection,43,4,9.3,8.0,26.4
476,Fiber One,99,9,9.1,7.9,22.4
477,Aldi,11,1,9.1,11.7,17.8
478,Aurora,11,1,9.1,7.0,18.7
479,Chelsea Milling Company,11,1,9.1,4.7,35.6
480,Corner Store,11,1,9.1,10.1,23.8
481,Haddon House,11,1,9.1,2.5,6.4
482,Mahatma,11,1,9.1,6.4,0.3
483,Mckee Foods Corporation,11,1,9.1,4.8,31.5
484,Millville,11,1,9.1,10.5,29.0
485,Target Brands  Inc.,67,6,9.0,6.4,36.6
486,Big Y,34,3,8.8,5.9,34.6
487,7-Select,23,2,8.7,9.7,29.8
488,Kraft,48,4,8.3,14.2,23.9
489,Valu Time,36,3,8.3,7.4,25.4
490,Glk Foods  Llc,12,1,8.3,6.0,2.4
491,Lieber Chocolate & Food Products Co.,12,1,8.3,4.3,22.3
492,Kashi,87,7,8.0,10.7,18.8
493,Clover Valley,89,7,7.9,5.8,20.4
494,Schnucks,63,5,7.9,6.1,24.5
495,Culinaria,13,1,7.7,7.1,39.6
496,King Arthur Flour,13,1,7.7,7.9,32.6
497,Lotus,13,1,7.7,4.5,30.4
498,Twix,13,1,7.7,6.1,42.5
499,The Moran Group Incorporated,55,4,7.3,5.5,22.2
500,Cvs Pharmacy  Inc.,85,6,7.1,4.6,49.8
501,Gold Emblem Abound,14,1,7.1,12.9,30.0
502,Naturalia,14,1,7.1,15.9,6.9
503,Sadaf,14,1,7.1,3.8,15.5
504,Speedy Choice,14,1,7.1,6.2,52.5
505,Supervalu  Inc.,14,1,7.1,3.8,46.4
506,Meijer,57,4,7.0,5.0,22.5
507,Smucker'S,43,3,7.0,3.4,33.3
508,Nice!,15,1,6.7,9.4,39.3
509,Aldi-Benner Company,16,1,6.2,5.6,15.6
510,Cumberland Farms,16,1,6.2,5.3,29.8
511,J.S. Krum Inc.,16,1,6.2,5.5,29.3
512,Shirakiku,16,1,6.2,6.3,17.4
513,Cheetos,114,7,6.1,5.7,2.7
514,Laura Secord,17,1,5.9,5.9,42.3
515,Sweetarts,17,1,5.9,0.9,57.0
516,Hy-Vee  Inc.,36,2,5.6,6.1,34.5
517,Family Gourmet,19,1,5.3,4.5,30.1
518,The Hain Celestial Group  Inc.,20,1,5.0,6.6,13.1
519,7-Eleven  Inc.,21,1,4.8,6.1,48.0
520,Rite Aid Corporation,21,1,4.8,6.5,35.7
521,Abimar Foods  Inc.,22,1,4.5,4.6,24.3
522,Skippy,70,3,4.3,22.0,12.5
523,Walgreens Co.,48,2,4.2,3.5,50.0
524,Nabisco,147,6,4.1,5.3,23.7
525,Keebler,75,3,4.0,5.5,24.3
526,7 Select,53,2,3.8,5.6,34.2
527,Cvs Pharmacy,27,1,3.7,4.2,48.1
528,Cento,28,1,3.6,1.9,1.6
529,Nature'S Path,29,1,3.4,7.9,24.3
530,Bell-View,31,1,3.2,0.5,12.3
531,Delallo,32,1,3.1,2.4,6.4
532,Walkers,99,3,3.0,5.7,20.1
533,Kellogg'S,156,4,2.6,6.3,29.3
534,Sun Chips,39,1,2.6,6.9,6.6
535,Meiji,40,1,2.5,6.8,31.6
536,Palmer'S Candies,40,1,2.5,4.1,50.2
537,Russell Stover,331,8,2.4,4.8,45.2
538,Tic Tac,42,1,2.4,0.5,9.0
539,Voortman,47,1,2.1,4.4,26.3
540,Lindt,202,4,2.0,6.0,38.4
541,Ritz,50,1,2.0,6.4,9.7
542,Walmart,49,1,2.0,6.0,27.3
543,Mars,57,1,1.8,5.1,55.6
544,Palmer,55,1,1.8,3.7,57.0
545,Godiva,66,1,1.5,7.1,37.0
546,General Mills,74,1,1.4,5.0,29.7
547,Reese'S,238,3,1.3,10.0,47.2
548,The Bakery,155,1,0.6,4.2,32.4
549,Nature Valley,206,1,0.5,11.1,23.5
550,Pringles,196,1,0.5,4.3,3.0
551,Hershey'S,182,1,0.5,6.7,49.4
552,Jelly Belly,161,0,0.0,0.1,63.8
553,Oreo,135,0,0.0,3.4,41.8
554,NestlÃ©,118,0,0.0,5.2,51.3
555,Tastykake,116,0,0.0,4.0,36.1
556,Brach'S,115,0,0.0,1.4,64.3
557,Cadbury,108,0,0.0,6.1,51.3
558,Entenmann'S,101,0,0.0,3.8,32.9
559,Haribo,99,0,0.0,5.8,48.7
560,M&M'S,99,0,0.0,6.5,51.3
561,Ocean Spray,99,0,0.0,1.2,44.9
562,Mrs. Freshley'S,98,0,0.0,3.9,33.8
563,Larabar,92,0,0.0,9.9,34.0
564,Peeps,92,0,0.0,2.2,72.9
565,Ferrara Candy Company,89,0,0.0,0.7,68.1
566,Pillsbury,82,0,0.0,3.9,32.5
567,Tootsie,81,0,0.0,0.5,55.3
568,Welch'S,80,0,0.0,2.5,46.1
569,Skittles,79,0,0.0,0.3,63.3
570,Little Debbie,77,0,0.0,3.8,36.9
571,Betty Crocker,71,0,0.0,3.4,44.5
572,Black Forest,70,0,0.0,3.0,49.8
573,Trolli,70,0,0.0,3.2,49.5
574,Kitkat,66,0,0.0,5.9,48.1
575,Nature'S Bakery,62,0,0.0,5.2,31.2
576,Jif,61,0,0.0,17.9,16.0
577,Mezzetta,60,0,0.0,0.8,3.0
578,Storck,60,0,0.0,3.7,41.6
579,Trident,59,0,0.0,0.1,14.5
580,Snickers,56,0,0.0,8.1,48.7
581,Brookside,55,0,0.0,4.5,51.8
582,Twizzlers,55,0,0.0,2.9,45.3
583,Fannie May,54,0,0.0,5.2,45.8
584,The Bakery Baked With Pride,54,0,0.0,4.7,33.2
585,Silk,50,0,0.0,1.1,3.7
586,Sun-Maid,50,0,0.0,2.7,59.0
587,Leclerc,49,0,0.0,5.0,33.5
588,Hawaiian Host Inc.,48,0,0.0,6.0,38.9
589,Frankford,46,0,0.0,2.9,64.8
590,Airheads,44,0,0.0,0.4,61.9
591,Belvita,43,0,0.0,7.8,21.1
592,Vlasic,43,0,0.0,0.3,7.5
593,Wilton,43,0,0.0,1.3,61.6
594,Marinela,41,0,0.0,4.6,32.1
595,Nerds,41,0,0.0,1.1,76.0
596,Dove,39,0,0.0,6.3,47.5
597,Sunrise,39,0,0.0,1.5,67.4
598,Pop-Tarts,38,0,0.0,4.1,33.3
599,Rich Products Corporation,38,0,0.0,4.4,38.8
600,Bimbo,37,0,0.0,5.8,24.4
601,Sweet'S,37,0,0.0,1.0,62.0
602,Hershey,35,0,0.0,7.1,47.8
603,Krusteaz,35,0,0.0,5.5,35.6
604,Nature'S Path Organic,35,0,0.0,8.8,22.8
605,Holiday Candy Corp  Inc.,34,0,0.0,2.8,57.5
606,Whitman'S,34,0,0.0,4.6,46.6
607,Charms,33,0,0.0,0.0,73.1
608,Favorite Day,33,0,0.0,6.2,37.6
609,Victoria,32,0,0.0,1.2,3.5
610,Dubble Bubble,31,0,0.0,0.0,81.9
611,Mike And Ike,31,0,0.0,0.1,60.1
612,Mt. Olive,31,0,0.0,0.0,11.7
613,Chex Mix,30,0,0.0,7.0,17.7
614,Ferrero,30,0,0.0,6.2,43.0
615,Lifesavers,30,0,0.0,1.0,65.6
616,Kinder,29,0,0.0,8.5,47.4
617,Lindsay,29,0,0.0,0.6,0.6
618,Sanders,29,0,0.0,4.3,43.2
619,Sunbelt Bakery,29,0,0.0,6.6,32.2
620,Bakery Fresh Goodness,28,0,0.0,4.1,34.3
621,Labree'S Bakery Inc,28,0,0.0,3.4,40.2
622,Sweet Smiles,28,0,0.0,2.9,63.5
623,Wrigley'S,28,0,0.0,0.0,30.3
624,Signature,27,0,0.0,4.4,19.2
625,Brown & Haley,26,0,0.0,5.1,46.2
626,Disney,26,0,0.0,1.8,67.7
627,Loacker,26,0,0.0,7.6,29.9
628,Mentos,26,0,0.0,0.2,18.5
629,Mott'S,26,0,0.0,0.4,30.9
630,Pez,25,0,0.0,0.0,97.6
631,Santa'S Treats,25,0,0.0,1.1,66.3
632,Signature Kitchens,25,0,0.0,4.3,24.0
633,Stella D'Oro,25,0,0.0,5.8,30.4
634,Werther'S Original,25,0,0.0,1.9,41.9
635,Bare,24,0,0.0,3.6,49.4
636,Chips Ahoy!,24,0,0.0,3.6,34.3
637,Del Monte,24,0,0.0,0.9,13.1
638,Dole,24,0,0.0,1.9,28.7
639,Klondike,24,0,0.0,2.3,25.0
640,Old Dominion Peanut Company,24,0,0.0,10.1,46.1
641,Shearer'S Foods Inc.,24,0,0.0,6.5,3.9
642,Sour Punch,24,0,0.0,2.7,44.7
643,Winn-Dixie,24,0,0.0,4.9,27.3
644,George Delallo Co.  Inc.,23,0,0.0,3.1,23.1
645,Wegmans Food Markets  Inc.,23,0,0.0,7.2,33.0
646,Cookies United  Llc,22,0,0.0,4.7,31.4
647,Endangered Species Chocolate,22,0,0.0,7.3,29.5
648,Fenton Enterprises  Inc.,22,0,0.0,2.5,53.9
649,Ferrero Rocher,22,0,0.0,7.5,39.0
650,Jelly Belly Candy Company,22,0,0.0,0.3,69.1
651,Just Born  Inc.,22,0,0.0,1.1,61.5
652,Kit Kat,22,0,0.0,5.9,49.1
653,Chocxo,21,0,0.0,6.4,20.5
654,ClÃ©ment Faugier,21,0,0.0,1.7,43.9
655,Kingston Marketing Co,21,0,0.0,4.4,33.8
656,Long Grove Confectionery Co.,21,0,0.0,4.7,52.1
657,Nutella,21,0,0.0,6.3,45.0
658,Petri Baking Products  Inc.,21,0,0.0,4.1,33.9
659,Progressive Balloons  Inc.,21,0,0.0,0.6,79.8
660,Sara Lee,21,0,0.0,4.1,29.0
661,Sour Patch Kids,21,0,0.0,0.0,76.1
662,Taste Of Nature,21,0,0.0,11.9,23.8
663,Cascadian Farm,20,0,0.0,8.5,24.8
664,Hilco,20,0,0.0,0.1,72.7
665,Milka,20,0,0.0,6.1,47.8
666,Van'S,20,0,0.0,6.9,15.1
667,Warheads,20,0,0.0,0.3,57.8
668,Chase And Poe Candy Company,19,0,0.0,3.8,53.2
669,Everson Distributing Co.  Inc.,19,0,0.0,1.3,69.8
670,Jolly Rancher,19,0,0.0,0.2,54.0
671,La Bree'S Bakery,19,0,0.0,3.3,37.7
672,Panda,19,0,0.0,3.1,44.5
673,Vista Bakery  Inc.,19,0,0.0,4.6,31.0
674,Bee International  Inc.,18,0,0.0,0.0,83.6
675,Eggo,18,0,0.0,6.3,12.2
676,Lady Sarah,18,0,0.0,4.4,45.2
677,Maryland,18,0,0.0,5.5,29.5
678,Nestle,18,0,0.0,6.0,47.5
679,Pop Tarts,18,0,0.0,4.1,31.3
680,Smarties,18,0,0.0,0.9,82.0
681,Vachon,18,0,0.0,3.0,42.8
682,York,18,0,0.0,2.8,63.2
683,Bon Appetit,17,0,0.0,5.2,21.7
684,Bonne Maman,17,0,0.0,2.5,53.4
685,Dawn Food Products  Inc.,17,0,0.0,3.6,41.4
686,Flix Candy,17,0,0.0,1.7,71.0
687,Franz,17,0,0.0,3.9,29.2
688,Giant Eagle  Inc.,17,0,0.0,4.2,55.4
689,Musco Family Olive Co.,17,0,0.0,0.0,0.4
690,Nickelodeon,17,0,0.0,3.3,63.7
691,Palmer Candy Company,17,0,0.0,4.7,49.8
692,Pearson'S,17,0,0.0,9.4,54.9
693,Perfetti Van Melle Usa Inc.,17,0,0.0,0.0,24.9
694,Reeseâ€™S,17,0,0.0,9.9,44.0
695,Rice Krispies Treats,17,0,0.0,4.3,39.9
696,Arnie'S,16,0,0.0,4.1,29.7
697,Bijou,16,0,0.0,6.0,33.3
698,La Costena,16,0,0.0,1.1,4.7
699,Laffy Taffy,16,0,0.0,0.1,51.4
700,Maynards,16,0,0.0,1.9,67.7
701,New Desserts  Inc.,16,0,0.0,4.2,44.3
702,P.C. Woo  Inc.,16,0,0.0,0.8,58.2
703,Royal Dansk,16,0,0.0,4.8,30.8
704,Bimbo Bakeries Usa  Inc.,15,0,0.0,4.2,29.5
705,Gatorade,15,0,0.0,15.6,29.7
706,Grandma'S,15,0,0.0,6.4,29.2
707,Mcvitie'S,15,0,0.0,6.0,29.2
708,Mike-Sell'S,15,0,0.0,6.9,3.4
709,P$$T...,15,0,0.0,4.3,28.8
710,Spangler Candy Company,15,0,0.0,0.0,75.5
711,The Father'S Table Llc,15,0,0.0,4.1,28.1
712,Voortman Bakery,15,0,0.0,3.9,28.7
713,Bahlsen,14,0,0.0,6.4,32.3
714,Cracker Jack,14,0,0.0,4.5,49.1
715,Farmer'S Market,14,0,0.0,5.5,30.5
716,Frankford Candy  Llc,14,0,0.0,2.7,68.9
717,Free Range Snack Co,14,0,0.0,5.9,37.7
718,Ghirardelli,14,0,0.0,3.4,48.7
719,Hilco Llc,14,0,0.0,0.3,72.4
720,Lesley Stowe,14,0,0.0,14.2,21.7
721,Maplehurst Bakeries  Llc,14,0,0.0,3.0,42.0
722,New England Confectionery Company Inc.,14,0,0.0,1.6,72.1
723,Ritter Sport,14,0,0.0,6.3,46.0
724,Smuckers,14,0,0.0,0.2,48.0
725,Storck Usa Lp,14,0,0.0,6.3,40.8
726,Swedish Fish,14,0,0.0,0.0,71.6
727,Swiss Miss,14,0,0.0,2.9,49.9
728,Toblerone,14,0,0.0,5.6,54.0
729,Val Nature,14,0,0.0,8.9,18.9
730,Andes,13,0,0.0,4.2,54.1
731,Chex,13,0,0.0,6.8,11.0
732,European Gourmet Bakery,13,0,0.0,4.9,52.2
733,Gerber,13,0,0.0,4.1,19.1
734,Ice Breakers,13,0,0.0,0.0,28.8
735,Lil' Dutch Maid,13,0,0.0,4.3,29.4
736,Musselman'S,13,0,0.0,0.0,12.0
737,Paskesz Candy Company,13,0,0.0,3.6,37.2
738,Safeway,13,0,0.0,7.8,30.5
739,Se Grocers,13,0,0.0,7.5,25.6
740,Snak-King Corp.,13,0,0.0,8.6,16.9
741,Trumoo,13,0,0.0,4.3,9.7
742,Wiley Wallaby,13,0,0.0,2.5,41.2
743,Zachary Confections Inc,13,0,0.0,1.9,48.3
744,Zapp'S,13,0,0.0,6.5,3.2
745,American Licorice Company,12,0,0.0,1.7,42.6
746,Asian Gourmet,12,0,0.0,5.0,8.1
747,Dr. Oetker,12,0,0.0,5.1,49.0
748,Earth'S Best,12,0,0.0,6.2,23.2
749,Kelloggâ€™S,12,0,0.0,6.6,32.7
750,Krispy Kreme Doughnuts,12,0,0.0,4.1,25.5
751,LÃ¤rabar,12,0,0.0,9.6,34.2
752,Special K,12,0,0.0,10.4,26.2
753,Sunrype,12,0,0.0,1.3,65.7
754,The Topps Company  Inc.,12,0,0.0,1.7,63.8
755,Tim Hortons,12,0,0.0,5.5,39.5
756,Turkey Hill,12,0,0.0,3.0,26.7
757,Waymouth Farms,12,0,0.0,2.5,56.0
758,Barrel O' Fun Snack Foods Co.,11,0,0.0,6.8,14.6
759,Clyde'S Donuts,11,0,0.0,4.4,20.3
760,Dave'S Killer Bread,11,0,0.0,10.9,15.6
761,Girl Scouts,11,0,0.0,5.6,30.9
762,Hersheyâ€™S,11,0,0.0,5.4,48.2
763,Hostess,11,0,0.0,4.9,18.8
764,Jewel,11,0,0.0,4.8,34.5
765,Kellogg'S Special K,11,0,0.0,21.3,23.0
766,Life Choice,11,0,0.0,6.2,12.8
767,M&Ms,11,0,0.0,6.1,58.3
768,Mccain,11,0,0.0,2.1,6.6
769,Midwood Brands,11,0,0.0,1.6,58.5
770,Nesquik,11,0,0.0,4.4,61.5
771,Patak'S,11,0,0.0,1.2,21.2
772,Peter Pan,11,0,0.0,22.9,14.6
773,Royal Wine Corporation,11,0,0.0,4.1,35.5
774,Santa Barbara Olive Co.,11,0,0.0,1.9,0.0
775,Sarris Candies,11,0,0.0,8.1,40.6
776,Sunmark,11,0,0.0,0.0,67.8
777,Sunsweet,11,0,0.0,1.7,31.9
778,Two Brothers,11,0,0.0,7.5,36.5
779,Whitman'S Candies  Inc.,11,0,0.0,5.5,46.4
780,Yum Yum,11,0,0.0,5.0,2.0
781,Zachary Confections  Inc.,11,0,0.0,1.3,56.1
782,Aryzta  Llc,10,0,0.0,4.7,36.3
783,Audrey'S Patisserie,10,0,0.0,3.6,24.6
784,Baker Maid Products  Inc.,10,0,0.0,5.4,33.5
785,Best Buy,10,0,0.0,7.0,37.9
786,Chifles,10,0,0.0,3.2,1.8
787,Dilettante Chocolates,10,0,0.0,6.0,46.1
788,Drake'S,10,0,0.0,3.2,34.2
789,Elmer Chocolate,10,0,0.0,2.5,57.4
790,Funyuns,10,0,0.0,5.6,2.2
791,Galerie Au Chocolat,10,0,0.0,7.9,34.2
792,Gardners Candies Inc.,10,0,0.0,8.1,40.9
793,Ginger Evans Bakery,10,0,0.0,4.4,27.5
794,Gushers,10,0,0.0,0.0,44.6
795,Hawaiian,10,0,0.0,4.6,4.1
796,Husman'S,10,0,0.0,6.1,3.9
797,Ingles Markets Inc.,10,0,0.0,5.6,35.6
798,La Petite Bretonne,10,0,0.0,7.4,21.7
799,Layâ€™S,10,0,0.0,6.2,3.8
800,Loriet Ltd.,10,0,0.0,8.4,46.6
801,Madelaine Chocolate Novelties,10,0,0.0,6.7,53.4
802,Matt'S Cookies,10,0,0.0,5.3,32.5
803,Mike-Sell'S Potato Chip Co.,10,0,0.0,6.5,2.8
804,Mrs. Fields,10,0,0.0,4.2,47.4
805,Otis Spunkmeyer,10,0,0.0,4.7,32.1
806,Pinnacle Foods Group Llc,10,0,0.0,7.0,7.4
807,Sainsbury'S Taste The Difference,10,0,0.0,8.0,31.2
808,Seattle Chocolate Company  Inc,10,0,0.0,6.0,39.9
809,Shur Fine,10,0,0.0,7.4,27.2
810,Spaans Cookie Company Inc.,10,0,0.0,3.4,63.3
811,Starburst,10,0,0.0,0.0,58.0
812,Wal-Mart Stores,10,0,0.0,2.9,36.0
813,Z O Z Group Inc.,10,0,0.0,5.3,17.2
814,Allan,9,0,0.0,0.8,59.8
815,Beech-Nut,9,0,0.0,6.8,37.2
816,Cheerios,9,0,0.0,7.9,21.8
817,CoffÃ©a,9,0,0.0,7.0,31.8
818,Country Kitchen,9,0,0.0,4.5,21.3
819,Dierbergs,9,0,0.0,3.9,50.2
820,Eating Right,9,0,0.0,8.4,24.1
821,Ferrara,9,0,0.0,1.8,50.5
822,Fruit Roll-Ups,9,0,0.0,0.0,48.8
823,Imaginings 3,9,0,0.0,1.4,69.8
824,Junior Mints,9,0,0.0,1.5,79.6
825,Krispy Kreme,9,0,0.0,4.6,27.4
826,Krispy Kreme Doughnut Corporation,9,0,0.0,3.7,25.9
827,Lancaster,9,0,0.0,2.4,48.7
828,Lecour'S,9,0,0.0,4.3,32.1
829,Lik-M-Aid,9,0,0.0,0.0,86.4
830,Lindt & SprÃ¼ngli,9,0,0.0,6.0,40.0
831,Mancini,9,0,0.0,0.0,3.3
832,Markets Of Meijer,9,0,0.0,3.0,25.7
833,Nalley,9,0,0.0,0.0,14.4
834,R L Albert & Son Inc,9,0,0.0,2.7,60.6
835,Reser'S Fine Foods,9,0,0.0,2.3,5.3
836,Rolo,9,0,0.0,4.4,62.9
837,Seattle Chocolates,9,0,0.0,5.0,43.1
838,Sweet Candy Company,9,0,0.0,0.0,59.4
839,Taffy Town  Inc.,9,0,0.0,0.0,46.4
840,Tim'S,9,0,0.0,7.1,2.0
841,Valentino,9,0,0.0,6.2,20.6
842,Air Heads,8,0,0.0,0.2,62.6
843,Applesnax,8,0,0.0,0.0,14.3
844,Asher'S Chocolates,8,0,0.0,5.3,53.1
845,Aunt Jemima,8,0,0.0,9.5,14.2
846,Austin,8,0,0.0,7.3,11.4
847,B&G,8,0,0.0,0.0,8.4
848,Bakery Fresh,8,0,0.0,4.2,27.1
849,Ball Park,8,0,0.0,35.9,22.9
850,Ballreich'S,8,0,0.0,6.7,8.9
851,Barrel O' Fun Snack Foods Company,8,0,0.0,6.7,2.2
852,Brady Enterprises Inc,8,0,0.0,5.6,55.7
853,Cafe Valley Inc,8,0,0.0,3.5,34.3
854,Carnaby Sweet,8,0,0.0,2.8,58.6
855,Combos,8,0,0.0,6.6,12.8
856,Dreamhouse Fine Foods,8,0,0.0,4.5,56.8
857,Dryden & Palmer Inc,8,0,0.0,0.0,100.0
858,Fannie May Confections  Inc.,8,0,0.0,3.5,51.5
859,Fibre 1,8,0,0.0,6.0,35.6
860,Ford Gum & Machine Company  Inc.,8,0,0.0,0.0,77.2
861,Foreign Candy Co. Inc.,8,0,0.0,1.1,60.6
862,Hacendado,8,0,0.0,5.0,25.6
863,Hall Of Fame Candy/Nuts Inc,8,0,0.0,3.3,56.5
864,Hawaiian Host,8,0,0.0,5.0,45.8
865,Healthy Food Brands Llc,8,0,0.0,4.3,47.5
866,Hilco Corporation,8,0,0.0,3.0,67.3
867,HÃ¤agen-Dazs,8,0,0.0,4.3,22.3
868,Interbake Foods Inc.,8,0,0.0,4.9,31.2
869,Jerry'S Nut House  Inc.,8,0,0.0,4.1,56.3
870,Joy Cone Co.,8,0,0.0,5.3,20.2
871,Kencraft  Inc.,8,0,0.0,0.0,82.6
872,Ksf Acquisition Corporation,8,0,0.0,10.0,15.1
873,Landies Candies Co. Inc.,8,0,0.0,7.4,42.1
874,Leclerc ðŸ‡¨ðŸ‡¦,8,0,0.0,4.7,33.5
875,Liberty Orchards Co Inc,8,0,0.0,1.9,61.5
876,Lunds Inc,8,0,0.0,6.8,48.0
877,Mario,8,0,0.0,1.0,0.3
878,Mckee Foods,8,0,0.0,3.9,36.6
879,Natura,8,0,0.0,2.2,7.8
880,Noisebusters Inc.,8,0,0.0,4.0,27.5
881,Ohio Baking Co Inc,8,0,0.0,8.1,30.5
882,Olson'S Baking Company  Llc,8,0,0.0,3.2,24.5
883,Overjoyed,8,0,0.0,4.5,41.8
884,Pennsylvania Dutch Co Inc,8,0,0.0,3.8,54.7
885,Pocky,8,0,0.0,6.5,31.1
886,Prairie Farms,8,0,0.0,5.9,19.1
887,Price First,8,0,0.0,7.8,13.6
888,Ragolds,8,0,0.0,0.6,63.7
889,Rocky Mountain,8,0,0.0,2.0,65.4
890,Route 11,8,0,0.0,7.1,3.1
891,Royal,8,0,0.0,5.1,33.1
892,Safeway Kitchens,8,0,0.0,4.3,24.7
893,Seattle Chocolate Company,8,0,0.0,6.7,42.5
894,Snack Planet,8,0,0.0,4.6,28.6
895,So Fit,8,0,0.0,25.6,16.7
896,Supervalu,8,0,0.0,5.9,46.5
897,The Hershey Company,8,0,0.0,4.9,51.0
898,Tootsie Roll Industries Inc.,8,0,0.0,0.6,66.2
899,Very Special Chocolates  Inc.,8,0,0.0,6.3,41.9
900,Walker'S,8,0,0.0,5.1,20.5
901,Weight Watchers,8,0,0.0,7.1,25.0
902,Abe'S,7,0,0.0,3.0,33.0
903,Akiyama Tsukemono Calif.  Inc.,7,0,0.0,3.5,1.5
904,America'S Original,7,0,0.0,0.0,76.8
905,Andes Candies L.P.,7,0,0.0,4.2,56.0
906,Archway,7,0,0.0,4.1,38.6
907,Atkinson Candy Company,7,0,0.0,6.4,50.5
908,Barbaras,7,0,0.0,6.0,15.7
909,Bare Snacks,7,0,0.0,2.7,61.7
910,Benton'S,7,0,0.0,5.7,32.7
911,Bill Knapp'S,7,0,0.0,3.0,30.7
912,Botan,7,0,0.0,5.7,13.5
913,Chips Ahoy,7,0,0.0,4.4,29.5
914,Choceur,7,0,0.0,6.9,43.7
915,Chocolate Chocolate Chocolate,7,0,0.0,2.5,59.1
916,Clear Value,7,0,0.0,2.0,67.8
917,Cloverhill Bakery,7,0,0.0,4.9,28.1
918,Country Baker,7,0,0.0,2.9,14.7
919,Danone,7,0,0.0,3.0,16.2
920,Dianne'S Fine Desserts  Inc.,7,0,0.0,4.6,23.9
921,Famous Brands International,7,0,0.0,4.4,48.6
922,Farman'S,7,0,0.0,0.0,9.8
923,Hershey'S Kisses,7,0,0.0,7.8,51.3
924,Hot Tamales,7,0,0.0,0.0,52.9
925,Ira M. Middleswarth & Son  Inc.,7,0,0.0,7.1,4.1
926,Jeff'S Naturals,7,0,0.0,0.5,0.5
927,Jj'S Bakery,7,0,0.0,2.9,29.5
928,Kashi ðŸ‡ºðŸ‡¸Solana Beach California,7,0,0.0,7.1,22.9
929,Kellogg,7,0,0.0,6.4,22.8
930,Kenny'S Candy Company Inc.,7,0,0.0,3.6,39.8
931,Leaf  Inc.,7,0,0.0,2.5,62.0
932,Lidl,7,0,0.0,5.9,33.1
933,Life Savers,7,0,0.0,2.0,67.8
934,Little Bites,7,0,0.0,4.1,31.6
935,Magnum,7,0,0.0,2.8,27.8
936,Metro Candy Sales,7,0,0.0,0.7,56.9
937,Nickles,7,0,0.0,5.9,24.3
938,North Coast,7,0,0.0,0.0,10.8
939,Olson'S Baking Company,7,0,0.0,4.3,21.6
940,Pc,7,0,0.0,5.3,23.5
941,Purdys,7,0,0.0,6.8,38.4
942,Racine Danish Kringles,7,0,0.0,3.7,25.7
943,Razzles,7,0,0.0,0.0,89.8
944,Ready Pac Produce  Inc.,7,0,0.0,3.7,11.6
945,Sable & Rosenfeld,7,0,0.0,2.8,5.2
946,Sabrina'S,7,0,0.0,5.4,24.3
947,Seattle Chocolate,7,0,0.0,6.1,43.8
948,Southern Gourmet,7,0,0.0,4.1,72.2
949,Squirrel Brand,7,0,0.0,14.1,22.1
950,Stretch Island Fruit Co.,7,0,0.0,0.0,65.3
951,Sweet Tarts,7,0,0.0,0.8,58.7
952,The Promotion In Motion Companies  Inc.,7,0,0.0,4.8,55.2
953,Tiptree,7,0,0.0,0.2,49.3
954,United States Bakery,7,0,0.0,4.3,32.4
955,Walgreen Co.,7,0,0.0,5.7,30.6
956,Western Family Foods  Inc.,7,0,0.0,5.2,30.5
957,Wrigley,7,0,0.0,0.5,49.3
958,Almond Breeze,6,0,0.0,0.9,4.8
959,Almond Joy,6,0,0.0,5.9,45.1
960,Ames International  Inc.,6,0,0.0,5.4,51.9
961,Artisan Fresh,6,0,0.0,4.6,30.0
962,Bashas' Markets,6,0,0.0,4.5,45.5
963,Ben & Jerry'S,6,0,0.0,4.0,24.4
964,Bickel'S Snack Foods  Inc.,6,0,0.0,6.6,2.4
965,Cake Boss,6,0,0.0,4.8,44.5
966,Caldo International Inc.,6,0,0.0,7.9,20.6
967,Cascadian Farm Organic,6,0,0.0,9.8,25.3
968,Chocolate Chocolate Chocolate Company,6,0,0.0,4.2,49.2
969,Clement Faugier,6,0,0.0,1.3,42.4
970,Cookie Specialties  Inc.,6,0,0.0,7.4,32.9
971,Crayola,6,0,0.0,0.0,87.8
972,Csm Bakery Products Na  Inc.,6,0,0.0,4.5,27.3
973,"Dirty""""",6,0,0.0,7.1,2.9
974,Embasa,6,0,0.0,0.5,1.2
975,Empacadora Emsanmar San Marcos,6,0,0.0,0.0,3.3
976,Esther Price,6,0,0.0,5.5,58.5
977,Euro-American Brands  Llc,6,0,0.0,6.7,43.9
978,Faraon,6,0,0.0,4.9,0.7
979,First Row Software Publishing,6,0,0.0,6.5,30.5
980,Gerrit J Verburg Company,6,0,0.0,2.7,60.8
981,Giant,6,0,0.0,5.3,58.9
982,Giuliano,6,0,0.0,0.0,0.0
983,Goetze'S Candy Co Inc.,6,0,0.0,5.2,35.4
984,Green & Black'S,6,0,0.0,9.0,35.9
985,Honey Maid,6,0,0.0,5.8,22.7
986,Hood,6,0,0.0,3.3,13.1
987,Howe,6,0,0.0,1.4,51.5
988,Hy-Top,6,0,0.0,7.8,26.3
989,Impact Confections  Inc.,6,0,0.0,0.4,56.4
990,Jammie Dodgers,6,0,0.0,6.4,35.0
991,Jell-O,6,0,0.0,0.9,53.5
992,Jennies,6,0,0.0,3.4,29.6
993,Kara Chocolates,6,0,0.0,4.7,55.7
994,Kars,6,0,0.0,15.5,29.2
995,Kurtz,6,0,0.0,0.0,4.8
996,La CosteÃ±a,6,0,0.0,2.2,2.0
997,Liberty Orchards Co.  Inc.,6,0,0.0,0.8,50.4
998,MariÃ¡n,6,0,0.0,5.9,20.9
999,Michigan Made,6,0,0.0,4.6,1.6
1000,Milwaukee'S,6,0,0.0,0.0,7.7
1001,Moon Pie,6,0,0.0,3.9,33.0
1002,Nishiki,6,0,0.0,6.7,0.0
1003,No Manufaturer,6,0,0.0,5.5,37.3
1004,No Manufracturer,6,0,0.0,8.3,37.7
1005,Nongshim,6,0,0.0,4.5,15.7
1006,Our Specialty,6,0,0.0,4.8,42.0
1007,R.A.B. Food Group  Llc,6,0,0.0,4.1,9.5
1008,Rare Fare Foods,6,0,0.0,11.9,32.8
1009,Rayge Candy Co. Inc.,6,0,0.0,2.6,56.4
1010,S&W,6,0,0.0,5.2,1.0
1011,San Miguel,6,0,0.0,6.1,0.4
1012,Sconza Candy Co.,6,0,0.0,5.4,60.0
1013,Sechler'S,6,0,0.0,0.0,31.7
1014,Seoul,6,0,0.0,1.8,6.3
1015,Snack Pack,6,0,0.0,0.7,12.1
1016,Soofer Co. Inc.,6,0,0.0,2.8,38.3
1017,Spree,6,0,0.0,0.0,79.7
1018,St. Dalfour,6,0,0.0,0.9,38.1
1019,Sun Maid,6,0,0.0,3.0,52.6
1020,Sunchips,6,0,0.0,7.7,8.4
1021,Tootsie Roll,6,0,0.0,0.0,51.7
1022,White Rose,6,0,0.0,5.8,7.5
1023,Wilkin & Sons,6,0,0.0,0.2,65.6
1024,World Confections  Inc.,6,0,0.0,0.0,74.1
1025,1 Step Software  Inc.,5,0,0.0,2.4,18.8
1026,A Angonoa Inc,5,0,0.0,13.3,6.7
1027,Andy Capp'S,5,0,0.0,4.3,4.3
1028,Ardmore Farms,5,0,0.0,0.4,3.3
1029,August Storck Kg,5,0,0.0,3.7,42.7
1030,Barbara'S,5,0,0.0,6.8,22.9
1031,Barilla,5,0,0.0,7.9,13.1
1032,Bergin Fruit And Nut Company,5,0,0.0,10.3,36.0
1033,Best Maid,5,0,0.0,3.1,19.3
1034,Bloom Packaging Corp.,5,0,0.0,3.8,28.6
1035,Bonduelle,5,0,0.0,3.5,3.8
1036,Breyers,5,0,0.0,3.2,20.6
1037,Bridgford,5,0,0.0,38.1,20.4
1038,Brimhall Foods Co. Inc.,5,0,0.0,4.3,5.7
1039,Burton'S,5,0,0.0,25.7,31.6
1040,California Garden,5,0,0.0,5.2,1.0
1041,Cantalou Sa,5,0,0.0,4.5,50.2
1042,Carl Kuhne,5,0,0.0,0.9,9.1
1043,Charleston Chew,5,0,0.0,2.4,57.4
1044,Chester A. Asher  Inc.,5,0,0.0,8.6,43.2
1045,Chimes,5,0,0.0,1.2,55.7
1046,Chukar Fruit Inc.,5,0,0.0,4.0,51.0
1047,Clemente Biscottificio,5,0,0.0,11.4,27.9
1048,Club,5,0,0.0,6.5,8.1
1049,Conn'S,5,0,0.0,2.8,12.8
1050,Continental Mills  Inc.,5,0,0.0,3.8,2.1
1051,Cottondale,5,0,0.0,1.9,71.6
1052,Cracker Jack'D,5,0,0.0,16.4,20.0
1053,Crous Languedoc Roussillon,5,0,0.0,3.5,11.9
1054,Crunch 'N Munch,5,0,0.0,6.0,40.9
1055,Cry Baby,5,0,0.0,0.0,54.7
1056,Dentyne,5,0,0.0,0.0,0.0
1057,Dilettante,5,0,0.0,4.2,43.2
1058,Eatz,5,0,0.0,10.3,33.8
1059,Euphoria Chocolate Company,5,0,0.0,5.3,42.2
1060,Famous Amos,5,0,0.0,4.2,31.5
1061,Flax4Life,5,0,0.0,8.8,24.9
1062,Fruit Gushers,5,0,0.0,0.0,43.4
1063,Funables,5,0,0.0,4.3,54.3
1064,Galil,5,0,0.0,6.6,24.3
1065,Gardners Candies,5,0,0.0,10.2,43.6
1066,Gedney Foods Co.,5,0,0.0,0.0,13.4
1067,Glencourt Inc.,5,0,0.0,2.6,22.3
1068,Glucerna,5,0,0.0,21.0,15.0
1069,Goetze'S Candy Co.  Inc.,5,0,0.0,4.0,37.8
1070,International Golden Foods Inc,5,0,0.0,3.7,39.2
1071,Jiffy,5,0,0.0,5.1,20.6
1072,Krinos Foods Inc.,5,0,0.0,0.0,1.3
1073,KÃ¼hne,5,0,0.0,0.2,7.9
1074,Labree'S Bakery  Inc.,5,0,0.0,3.1,37.3
1075,Landies Candies,5,0,0.0,6.7,40.0
1076,Laredo Packing Company,5,0,0.0,2.0,57.5
1077,Lehi Roller Mills Co. Inc.,5,0,0.0,5.6,54.4
1078,Ligo,5,0,0.0,7.1,19.8
1079,Lindt Lindor,5,0,0.0,4.8,34.7
1080,Lucky Charms,5,0,0.0,5.4,45.4
1081,Lucky Leaf,5,0,0.0,0.0,15.1
1082,Lunchables,5,0,0.0,11.8,10.6
1083,M&Mâ€™S,5,0,0.0,5.3,61.2
1084,Manner,5,0,0.0,4.6,41.0
1085,Maple Donuts Inc,5,0,0.0,2.9,21.0
1086,Mc Cain,5,0,0.0,2.2,0.3
1087,Melster Candies,5,0,0.0,0.5,46.5
1088,Middleswarth,5,0,0.0,6.9,4.2
1089,Mister Snacks  Inc.,5,0,0.0,7.3,36.4
1090,Mondelez International,5,0,0.0,6.0,41.8
1091,Monster,5,0,0.0,8.1,43.9
1092,Mount Franklin Foods Llc,5,0,0.0,5.2,57.1
1093,Mulino Bianco,5,0,0.0,6.0,22.0
1094,Munchos,5,0,0.0,3.4,0.0
1095,Napoleon,5,0,0.0,0.3,14.7
1096,Nash Finch Company,5,0,0.0,10.9,22.4
1097,Natrel,5,0,0.0,4.0,13.5
1098,NestlÃ© Toll House,5,0,0.0,4.1,44.7
1099,Now And Later,5,0,0.0,0.0,63.0
1100,Payday,5,0,0.0,13.0,39.5
1101,Pc â€¢ Loblaws,5,0,0.0,8.8,29.3
1102,Peddler'S Pantry,5,0,0.0,6.4,2.5
1103,Piedmont Candy Company Inc.,5,0,0.0,0.0,93.3
1104,Pirouline,5,0,0.0,3.9,46.0
1105,Poptarts,5,0,0.0,4.0,32.7
1106,R. W. Garcia Company,5,0,0.0,7.1,0.7
1107,Red Vines,5,0,0.0,2.8,41.5
1108,Ricolino,5,0,0.0,2.8,56.8
1109,Rovira Biscuits,5,0,0.0,6.7,16.0
1110,Russell Stover Candies Inc.,5,0,0.0,4.7,50.8
1111,San Marcos,5,0,0.0,1.1,5.0
1112,Santitas,5,0,0.0,5.7,0.0
1113,Sarris Candies  Inc.,5,0,0.0,7.9,47.1
1114,Sclafani,5,0,0.0,5.9,14.7
1115,Seitenbacher,5,0,0.0,6.6,41.8
1116,Smith'S Food & Drug Centers Inc.,5,0,0.0,5.0,28.0
1117,Specialty Bakers  Llc,5,0,0.0,3.4,18.4
1118,Spike'S Baking Co. Inc.,5,0,0.0,10.5,16.7
1119,Svenhard'S,5,0,0.0,4.6,32.3
1120,Sweet P'S Bake Shop,5,0,0.0,5.7,36.0
1121,Sweet Treats,5,0,0.0,0.0,55.2
1122,Taffy Town,5,0,0.0,0.0,45.0
1123,Tillen Farms,5,0,0.0,0.7,6.0
1124,Tony Packo'S,5,0,0.0,0.0,21.4
1125,Torn Ranch  Inc.,5,0,0.0,4.3,39.3
1126,Town House,5,0,0.0,5.2,6.2
1127,Tree Top,5,0,0.0,0.1,33.6
1128,V8,5,0,0.0,16.3,24.3
1129,Wonderful Pistachios,5,0,0.0,21.5,9.6
1130,World'S Finest Chocolate  Inc.,5,0,0.0,3.8,60.6
1131,Zoet,5,0,0.0,5.5,37.4
